Epoch,Training Loss,Training Accuracy,Validation Loss,Validation Accuracy,Validation Precision,Validation Recall,Validation F1 Score,Validation pAUC
1,0.3194074435928546,0.8837478756904602,0.23569043539464474,0.9109826683998108,0.5416666865348816,0.16455696523189545,0.25242719054222107,0.08144426192546782
2,0.20611553434111657,0.9227877855300903,0.2044852085943733,0.9202312231063843,0.6041666865348816,0.3670886158943176,0.4566929042339325,0.11450703771700965
3,0.1865600219013494,0.930017352104187,0.21242330249931132,0.9260115623474121,0.6744186282157898,0.3670886158943176,0.4754098355770111,0.09405095500370403
4,0.1856614882041008,0.9303065538406372,0.21173662333084003,0.9283236861228943,0.7179487347602844,0.3544303774833679,0.47457626461982727,0.1106902438238799
