Epoch,Training Loss,Training Accuracy,Validation Loss,Validation Accuracy,Validation Precision,Validation Recall,Validation F1 Score,Validation pAUC
1,0.24183647219615523,0.9588940739631653,3.4465478010242805,0.9613503217697144,0.0,0.0,0.0,0.023224569501153907
2,0.20904530711413827,0.960117518901825,0.3649733055754041,0.9613503217697144,0.0,0.0,0.0,0.024312816053080805
3,0.20122800700482912,0.9606068730354309,0.2052217738237232,0.9613503217697144,0.0,0.0,0.0,0.020671884562115495
4,0.1758063732413575,0.9615855813026428,0.1326701298239641,0.9613503217697144,0.0,0.0,0.0,0.0997648726124907
5,0.16520943437353708,0.960973858833313,0.14419154232018627,0.9613503217697144,0.0,0.0,0.0,0.09167133700518565
