Epoch,Learning Rate,Training Loss,Training Accuracy,Validation Loss,Validation Accuracy,Validation Precision,Validation Recall,Validation F1 Score,Validation pAUC
1,0.0001,0.1844150345898481,0.9510754346847534,0.17871543446269172,0.9503331184387207,0.4399999976158142,0.13924050331115723,0.21153846383094788,0.05850001610461556
2,7.500000000000001e-05,0.12856447593655418,0.9554680585861206,0.17437396080304796,0.9497274160385132,0.4375,0.17721518874168396,0.2522522509098053,0.0898879118755435
