isic_id,target
ISIC_0015657,0.0019734325
ISIC_0015729,0.00061122817
ISIC_0015740,0.0031961952
