isic_id,target
ISIC_0015657,0.0038459057
ISIC_0015729,0.00054614607
ISIC_0015740,0.00050586485
