isic_id,target
ISIC_0015657,0.007957356
ISIC_0015729,0.003192013
ISIC_0015740,0.0071424884
