isic_id,target
ISIC_0015657,0.0026526076
ISIC_0015729,0.00017383147
ISIC_0015740,2.3390226e-05
