isic_id,target
ISIC_0015657,1.7038816e-05
ISIC_0015729,0.0077913143
ISIC_0015740,0.0053676753
