isic_id,target
ISIC_0015657,0.0015612518
ISIC_0015729,0.00047093126
ISIC_0015740,0.00050517457
