isic_id,target
ISIC_0015657,0.0018277732
ISIC_0015729,0.00022847184
ISIC_0015740,0.0013403894
