isic_id,target
ISIC_0015657,0.0047436706
ISIC_0015729,0.003933501
ISIC_0015740,0.0036132722
