isic_id,target
ISIC_0015657,0.0010087937
ISIC_0015729,0.0008521045
ISIC_0015740,0.00059853727
